"paper_id","title_guess","year_guess","arxiv_id","tier","collection","current_name","relative_path","size_bytes","sha256"
"arxiv_2409.19638","BadHMP Backdoor Attack against Human Motion Prediction","2024","2409.19638","long_tail","all","arxiv_2409.19638_BadHMP_Backdoor_Attack_against_Human_Motion_Prediction.pdf",".\corpus\papers\all\arxiv_2409.19638_BadHMP_Backdoor_Attack_against_Human_Motion_Prediction.pdf","934237","8A803F01116A7E7DC6667ABFF8D42E39B302A7AAD6E5874120F2FEC6A336C06F"
"arxiv_2410.08559","Learning General Representation of 12-Lead Electrocardiogram with a Joint-Embedding Predictive Architecture","2024","2410.08559","long_tail","all","arxiv_2410.08559_Learning_General_Representation_of_12-Lead_Electrocardiogram_with_a_Joint-Embedding_Predictive_Architecture.pdf",".\corpus\papers\all\arxiv_2410.08559_Learning_General_Representation_of_12-Lead_Electrocardiogram_with_a_Joint-Embedding_Predictive_Architecture.pdf","1477082","955277E90CB402A03C4891C88F2E2F16D050BEAFF111E66B03E8583AD3EADF24"
"arxiv_2501.04969","Self-Supervised Representation Learning with Joint Embedding Predictive Architecture for Automotive LiDAR Object Detecti","2025","2501.04969","long_tail","all","arxiv_2501.04969_Self-Supervised_Representation_Learning_with_Joint_Embedding_Predictive_Architecture_for_Automotive_LiDAR_Object_Detecti.pdf",".\corpus\papers\all\arxiv_2501.04969_Self-Supervised_Representation_Learning_with_Joint_Embedding_Predictive_Architecture_for_Automotive_LiDAR_Object_Detecti.pdf","8345168","A74EED1AE797DDF2880033FCC6DF3DAB990FD2F6274C28EA3E2A07A797C1178B"
"arxiv_2501.14266","TrajFlow A Generative Framework for Occupancy Density Estimation Using Normalizing Flows","2025","2501.14266","long_tail","all","arxiv_2501.14266_TrajFlow_A_Generative_Framework_for_Occupancy_Density_Estimation_Using_Normalizing_Flows.pdf",".\corpus\papers\all\arxiv_2501.14266_TrajFlow_A_Generative_Framework_for_Occupancy_Density_Estimation_Using_Normalizing_Flows.pdf","5625816","155D1768E8AB74D8524A0FCCEAEE45943444AB12EA1D4286B93A71901542D4D1"
"arxiv_2501.14622","ACT-JEPA Novel Joint-Embedding Predictive Architecture for Efficient Policy Representation Learning","2025","2501.14622","long_tail","all","arxiv_2501.14622_ACT-JEPA_Novel_Joint-Embedding_Predictive_Architecture_for_Efficient_Policy_Representation_Learning.pdf",".\corpus\papers\all\arxiv_2501.14622_ACT-JEPA_Novel_Joint-Embedding_Predictive_Architecture_for_Efficient_Policy_Representation_Learning.pdf","511463","83CFA2E1BD4C2A754693448C46A8D2C31AD30C3A0DA5318E362CC43896D958DE"
"arxiv_2502.01684","Predict Cluster Refine A Joint Embedding Predictive Self-Supervised Framework for Graph Representation Learning","2025","2502.01684","long_tail","all","arxiv_2502.01684_Predict_Cluster_Refine_A_Joint_Embedding_Predictive_Self-Supervised_Framework_for_Graph_Representation_Learning.pdf",".\corpus\papers\all\arxiv_2502.01684_Predict_Cluster_Refine_A_Joint_Embedding_Predictive_Self-Supervised_Framework_for_Graph_Representation_Learning.pdf","975145","D904BBBAA5BDB183F9C8716576DB54D06F5BD52E8298AD3A1881EC7500AB3AD4"
"arxiv_2502.05857","EgoAgent A Joint Predictive Agent Model in Egocentric Worlds","2025","2502.05857","long_tail","all","arxiv_2502.05857_EgoAgent_A_Joint_Predictive_Agent_Model_in_Egocentric_Worlds.pdf",".\corpus\papers\all\arxiv_2502.05857_EgoAgent_A_Joint_Predictive_Agent_Model_in_Egocentric_Worlds.pdf","5653368","0BE68FA1F61737B24219F72396A924449DB47854943D8CDDB27FA5EB0D3E06D3"
"arxiv_2502.14819","Learning from Reward-Free Offline Data A Case for Planning with Latent Dynamics Models","2025","2502.14819","long_tail","all","arxiv_2502.14819_Learning_from_Reward-Free_Offline_Data_A_Case_for_Planning_with_Latent_Dynamics_Models.pdf",".\corpus\papers\all\arxiv_2502.14819_Learning_from_Reward-Free_Offline_Data_A_Case_for_Planning_with_Latent_Dynamics_Models.pdf","3846356","5491927BBBC966953CFA17FF24E1208349C8E344921AA0DAD2363B16D8456CCF"
"arxiv_2502.18056","Escaping The Big Data Paradigm in Self-Supervised Representation Learning","2025","2502.18056","long_tail","all","arxiv_2502.18056_Escaping_The_Big_Data_Paradigm_in_Self-Supervised_Representation_Learning.pdf",".\corpus\papers\all\arxiv_2502.18056_Escaping_The_Big_Data_Paradigm_in_Self-Supervised_Representation_Learning.pdf","987329","072172C5EFFAD7516D9A2B8E061C04E9AD3C64222FC370EA1C68F8C5D7A1DDAA"
"arxiv_2504.01928","Is the Reversal Curse a Binding Problem Uncovering Limitations of Transformers from a Basic Generalization Failure","2025","2504.01928","long_tail","all","arxiv_2504.01928_Is_the_Reversal_Curse_a_Binding_Problem_Uncovering_Limitations_of_Transformers_from_a_Basic_Generalization_Failure.pdf",".\corpus\papers\all\arxiv_2504.01928_Is_the_Reversal_Curse_a_Binding_Problem_Uncovering_Limitations_of_Transformers_from_a_Basic_Generalization_Failure.pdf","727278","50127A1543BD4C4CAD2DBA33001BAF90F102B15D2B154F5A1F2C8EBED937BEE7"
"arxiv_2504.10512","JEPA4Rec Learning Effective Language Representations for Sequential Recommendation via Joint Embedding Predictive Archit","2025","2504.10512","long_tail","all","arxiv_2504.10512_JEPA4Rec_Learning_Effective_Language_Representations_for_Sequential_Recommendation_via_Joint_Embedding_Predictive_Archit.pdf",".\corpus\papers\all\arxiv_2504.10512_JEPA4Rec_Learning_Effective_Language_Representations_for_Sequential_Recommendation_via_Joint_Embedding_Predictive_Archit.pdf","1897424","63DCA2C70B31C7C2A67E503A97991A8F6BD5DFAB8E274007D65032DD96A8E1E9"
"arxiv_2505.03176","seq-JEPA Autoregressive Predictive Learning of Invariant-Equivariant World Models","2025","2505.03176","long_tail","all","arxiv_2505.03176_seq-JEPA_Autoregressive_Predictive_Learning_of_Invariant-Equivariant_World_Models.pdf",".\corpus\papers\all\arxiv_2505.03176_seq-JEPA_Autoregressive_Predictive_Learning_of_Invariant-Equivariant_World_Models.pdf","1826673","C7AD6D6F19E0629A647AB9EC1167D35D1EB28DFE769AFC67C401AD16D842F901"
"arxiv_2507.03633","From Video to EEG Adapting Joint Embedding Predictive Architecture to Uncover Visual Concepts in Brain Signal Analysis","2025","2507.03633","long_tail","all","arxiv_2507.03633_From_Video_to_EEG_Adapting_Joint_Embedding_Predictive_Architecture_to_Uncover_Visual_Concepts_in_Brain_Signal_Analysis.pdf",".\corpus\papers\all\arxiv_2507.03633_From_Video_to_EEG_Adapting_Joint_Embedding_Predictive_Architecture_to_Uncover_Visual_Concepts_in_Brain_Signal_Analysis.pdf","4368574","BEA687985A22703F4BFA57B4027953D42432B6B33EB0747F13EFDD0E42341759"
"arxiv_2507.03927","MCST-Mamba Multivariate Mamba-Based Model for Traffic Prediction","2025","2507.03927","long_tail","all","arxiv_2507.03927_MCST-Mamba_Multivariate_Mamba-Based_Model_for_Traffic_Prediction.pdf",".\corpus\papers\all\arxiv_2507.03927_MCST-Mamba_Multivariate_Mamba-Based_Model_for_Traffic_Prediction.pdf","2046335","44E79DC18EB78FB04A6D7BD83C43FC41E05D4337614C58BC0C8181D20F6D7D8E"
"arxiv_2507.15216","Improving Joint Embedding Predictive Architecture with Diffusion Noise","2025","2507.15216","long_tail","all","arxiv_2507.15216_Improving_Joint_Embedding_Predictive_Architecture_with_Diffusion_Noise.pdf",".\corpus\papers\all\arxiv_2507.15216_Improving_Joint_Embedding_Predictive_Architecture_with_Diffusion_Noise.pdf","925388","E7BCE5CB38CBF7C1D8C86085DF0F31C1566D51F8A82B8499A567BB241BFFF843"
"arxiv_2507.19119","PatchTraj Unified Time-Frequency Representation Learning via Dynamic Patches for Trajectory Prediction","2025","2507.19119","long_tail","all","arxiv_2507.19119_PatchTraj_Unified_Time-Frequency_Representation_Learning_via_Dynamic_Patches_for_Trajectory_Prediction.pdf",".\corpus\papers\all\arxiv_2507.19119_PatchTraj_Unified_Time-Frequency_Representation_Learning_via_Dynamic_Patches_for_Trajectory_Prediction.pdf","2850582","D7E038E672DC4E1C2FE0FDFD5F2D33F744CF3C612EA4ACA41C4E42966751DE9B"
"arxiv_2507.20491","Speaking in Words Thinking in Logic A Dual-Process Framework in QA Systems","2025","2507.20491","long_tail","all","arxiv_2507.20491_Speaking_in_Words_Thinking_in_Logic_A_Dual-Process_Framework_in_QA_Systems.pdf",".\corpus\papers\all\arxiv_2507.20491_Speaking_in_Words_Thinking_in_Logic_A_Dual-Process_Framework_in_QA_Systems.pdf","1322904","884E8CCEC56698DD197AB9A827B8F901E068886C6A628059D105BED6FD760D7D"
"arxiv_2508.00447","CLIPTime Time-Aware Multimodal Representation Learning from Images and Text","2025","2508.00447","long_tail","all","arxiv_2508.00447_CLIPTime_Time-Aware_Multimodal_Representation_Learning_from_Images_and_Text.pdf",".\corpus\papers\all\arxiv_2508.00447_CLIPTime_Time-Aware_Multimodal_Representation_Learning_from_Images_and_Text.pdf","4717562","08221722111A49093E3153FB93BD6EFF73F82DEC527156CDC40A55995B3B678D"
"arxiv_2508.02829","Elucidating the Role of Feature Normalization in IJEPA","2025","2508.02829","long_tail","all","arxiv_2508.02829_Elucidating_the_Role_of_Feature_Normalization_in_IJEPA.pdf",".\corpus\papers\all\arxiv_2508.02829_Elucidating_the_Role_of_Feature_Normalization_in_IJEPA.pdf","10892956","DC6476FDCDFE876A33A01213ACE9E3ECE7DBDE6192C648843BF5F6A1CF36D4A1"
"arxiv_2508.10489","Learning State-Space Models of Dynamic Systems from Arbitrary Data using Joint Embedding Predictive Architectures","2025","2508.10489","long_tail","all","arxiv_2508.10489_Learning_State-Space_Models_of_Dynamic_Systems_from_Arbitrary_Data_using_Joint_Embedding_Predictive_Architectures.pdf",".\corpus\papers\all\arxiv_2508.10489_Learning_State-Space_Models_of_Dynamic_Systems_from_Arbitrary_Data_using_Joint_Embedding_Predictive_Architectures.pdf","419267","F63C5864216163529D1A3D551D9180A533E30B688325622A2260DA69E9DDC1FA"
"arxiv_2509.04254","MuMTAffect A Multimodal Multitask Affective Framework for Personality and Emotion Recognition from Physiological Signals","2025","2509.04254","long_tail","all","arxiv_2509.04254_MuMTAffect_A_Multimodal_Multitask_Affective_Framework_for_Personality_and_Emotion_Recognition_from_Physiological_Signals.pdf",".\corpus\papers\all\arxiv_2509.04254_MuMTAffect_A_Multimodal_Multitask_Affective_Framework_for_Personality_and_Emotion_Recognition_from_Physiological_Signals.pdf","849190","8A67AE322F7EB8AE454BF902E84BA27C796EC315DB799901C423C03DCABD1822"
"arxiv_2509.12249","Why and How Auxiliary Tasks Improve JEPA Representations","2025","2509.12249","long_tail","all","arxiv_2509.12249_Why_and_How_Auxiliary_Tasks_Improve_JEPA_Representations.pdf",".\corpus\papers\all\arxiv_2509.12249_Why_and_How_Auxiliary_Tasks_Improve_JEPA_Representations.pdf","3055846","86F80179C73C5D2865272BFD3685F066A7FA4DAC76F9A5627ED509C63C9CBA2B"
"arxiv_2509.14252","LLM-JEPA Large Language Models Meet Joint Embedding Predictive Architectures","2025","2509.14252","long_tail","all","arxiv_2509.14252_LLM-JEPA_Large_Language_Models_Meet_Joint_Embedding_Predictive_Architectures.pdf",".\corpus\papers\all\arxiv_2509.14252_LLM-JEPA_Large_Language_Models_Meet_Joint_Embedding_Predictive_Architectures.pdf","1434741","A257EF291E3097A5B8E3BA774568647BF06A26F4D218B0F58B27F5B69E2AE66D"
"arxiv_2509.15470","Self-supervised learning of imaging and clinical signatures using a multimodal joint-embedding predictive architecture","2025","2509.15470","long_tail","all","arxiv_2509.15470_Self-supervised_learning_of_imaging_and_clinical_signatures_using_a_multimodal_joint-embedding_predictive_architecture.pdf",".\corpus\papers\all\arxiv_2509.15470_Self-supervised_learning_of_imaging_and_clinical_signatures_using_a_multimodal_joint-embedding_predictive_architecture.pdf","1040293","3B3178F94AF9653F99E0EE33F84FD30E7A638897FC9CF927FDFB7FA3107BCCE7"
"arxiv_2509.16197","MANZANO A Simple and Scalable Unified Multimodal Model with a Hybrid Vision Tokenizer","2025","2509.16197","long_tail","all","arxiv_2509.16197_MANZANO_A_Simple_and_Scalable_Unified_Multimodal_Model_with_a_Hybrid_Vision_Tokenizer.pdf",".\corpus\papers\all\arxiv_2509.16197_MANZANO_A_Simple_and_Scalable_Unified_Multimodal_Model_with_a_Hybrid_Vision_Tokenizer.pdf","18763228","5D62EC8F4E3A7020B1C5512D7507D054FE86099B5C063C6E3E46077514739939"
"arxiv_2509.23238","WavJEPA Semantic learning unlocks robust audio foundation models for raw waveforms","2025","2509.23238","long_tail","all","arxiv_2509.23238_WavJEPA_Semantic_learning_unlocks_robust_audio_foundation_models_for_raw_waveforms.pdf",".\corpus\papers\all\arxiv_2509.23238_WavJEPA_Semantic_learning_unlocks_robust_audio_foundation_models_for_raw_waveforms.pdf","1959101","FC7A0550AF338C679FF82EB7DFF5A9BCDA1DCDB08E2EDEC86F631A7E6502EC1D"
"arxiv_2509.24317","Rethinking JEPA Compute-Efficient Video SSL with Frozen Teachers","2025","2509.24317","long_tail","all","arxiv_2509.24317_Rethinking_JEPA_Compute-Efficient_Video_SSL_with_Frozen_Teachers.pdf",".\corpus\papers\all\arxiv_2509.24317_Rethinking_JEPA_Compute-Efficient_Video_SSL_with_Frozen_Teachers.pdf","2944144","53243E3B0673DAED4D1072D84CE5B7B3E063045B390A7A20E79C9C4AB69366F7"
"arxiv_2509.25449","Joint Embeddings Go Temporal","2025","2509.25449","long_tail","all","arxiv_2509.25449_Joint_Embeddings_Go_Temporal.pdf",".\corpus\papers\all\arxiv_2509.25449_Joint_Embeddings_Go_Temporal.pdf","902704","F993A118013D3B739D560E03EA571A780B910BEB1D233119CF3B912894F47BA5"
"arxiv_2510.00974","JEPA-T Joint-Embedding Predictive Architecture with Text Fusion for Image Generation","2025","2510.00974","long_tail","all","arxiv_2510.00974_JEPA-T_Joint-Embedding_Predictive_Architecture_with_Text_Fusion_for_Image_Generation.pdf",".\corpus\papers\all\arxiv_2510.00974_JEPA-T_Joint-Embedding_Predictive_Architecture_with_Text_Fusion_for_Image_Generation.pdf","1362610","6BD65D29B5F01B5D8D240034BA96B79722D4743AA4A08B2A8C7FE3522B4D92AB"
"arxiv_2510.05949","Gaussian Embeddings How JEPAs Secretly Learn Your Data Density","2025","2510.05949","long_tail","all","arxiv_2510.05949_Gaussian_Embeddings_How_JEPAs_Secretly_Learn_Your_Data_Density.pdf",".\corpus\papers\all\arxiv_2510.05949_Gaussian_Embeddings_How_JEPAs_Secretly_Learn_Your_Data_Density.pdf","34217122","793D09D1FDE42941E97894CFB7AA406136D07623D31F7AD4AEA38B60500F4E25"
"arxiv_2510.15673","Valeo Near-Field a novel dataset for pedestrian intent detection","2025","2510.15673","long_tail","all","arxiv_2510.15673_Valeo_Near-Field_a_novel_dataset_for_pedestrian_intent_detection.pdf",".\corpus\papers\all\arxiv_2510.15673_Valeo_Near-Field_a_novel_dataset_for_pedestrian_intent_detection.pdf","3305923","1AADE677C1CD95D2F9BECE156B37B390D1A6869CC3039E73E1973A9CC35DA6B0"
"arxiv_2510.17038","DINO-CVA A Multimodal Goal-Conditioned Vision-to-Action Model for Autonomous Catheter Navigation","2025","2510.17038","long_tail","all","arxiv_2510.17038_DINO-CVA_A_Multimodal_Goal-Conditioned_Vision-to-Action_Model_for_Autonomous_Catheter_Navigation.pdf",".\corpus\papers\all\arxiv_2510.17038_DINO-CVA_A_Multimodal_Goal-Conditioned_Vision-to-Action_Model_for_Autonomous_Catheter_Navigation.pdf","1954175","167EF6C520E9CF752B71BBE53E190B3B3E37BAD5F5F99845476E8AAE8AB46436"
"arxiv_2510.20769","CSU-PCAST A Dual-Branch Transformer Framework for medium-range ensemble Precipitation Forecasting","2025","2510.20769","long_tail","all","arxiv_2510.20769_CSU-PCAST_A_Dual-Branch_Transformer_Framework_for_medium-range_ensemble_Precipitation_Forecasting.pdf",".\corpus\papers\all\arxiv_2510.20769_CSU-PCAST_A_Dual-Branch_Transformer_Framework_for_medium-range_ensemble_Precipitation_Forecasting.pdf","3243261","F8C55C2098B4762A0868D2D2081EE578DEBF637865C28B2798F0ACC5FBD4FCFA"
"arxiv_2510.21840","Improving the Physics of Video Generation with VJEPA-2 Reward Signal","2025","2510.21840","long_tail","all","arxiv_2510.21840_Improving_the_Physics_of_Video_Generation_with_VJEPA-2_Reward_Signal.pdf",".\corpus\papers\all\arxiv_2510.21840_Improving_the_Physics_of_Video_Generation_with_VJEPA-2_Reward_Signal.pdf","181388","9740715BC4206FCD0018E5F1F931C737A6FB020E121AC9DB019C88060052EA75"
"arxiv_2511.08544","LeJEPA Provable and Scalable Self-Supervised Learning Without the Heuristics","2025","2511.08544","long_tail","all","arxiv_2511.08544_LeJEPA_Provable_and_Scalable_Self-Supervised_Learning_Without_the_Heuristics.pdf",".\corpus\papers\all\arxiv_2511.08544_LeJEPA_Provable_and_Scalable_Self-Supervised_Learning_Without_the_Heuristics.pdf","8758154","FE06B5488907F56AA9682E2E2FEBC552D85FE761FDA43F2727E65D60FBEB6485"
"arxiv_2511.08939","TransactionGPT","2025","2511.08939","long_tail","all","arxiv_2511.08939_TransactionGPT.pdf",".\corpus\papers\all\arxiv_2511.08939_TransactionGPT.pdf","3582082","F5189F6030D31FE6877B27A21B236D59515E453398260A3448E715E5F4398B4E"
"arxiv_2511.09783","Koopman Invariants as Drivers of Emergent Time-Series Clustering in Joint-Embedding Predictive Architectures","2025","2511.09783","long_tail","all","arxiv_2511.09783_Koopman_Invariants_as_Drivers_of_Emergent_Time-Series_Clustering_in_Joint-Embedding_Predictive_Architectures.pdf",".\corpus\papers\all\arxiv_2511.09783_Koopman_Invariants_as_Drivers_of_Emergent_Time-Series_Clustering_in_Joint-Embedding_Predictive_Architectures.pdf","1269981","B308832643BABC014E2CF3BF3223E2B484834B4DF20713588C6506CA5ABE8BDE"
"arxiv_2511.10878","Multi-Joint Physics-Informed Deep Learning Framework for Time-Efficient Inverse Dynamics","2025","2511.10878","long_tail","all","arxiv_2511.10878_Multi-Joint_Physics-Informed_Deep_Learning_Framework_for_Time-Efficient_Inverse_Dynamics.pdf",".\corpus\papers\all\arxiv_2511.10878_Multi-Joint_Physics-Informed_Deep_Learning_Framework_for_Time-Efficient_Inverse_Dynamics.pdf","2027387","1FBE3F7B534790C84E66B433F42013A026D12E6D05D956C0131D7359DA470FBD"
"arxiv_2511.11908","PI-NAIM Path-Integrated Neural Adaptive Imputation Model","2025","2511.11908","long_tail","all","arxiv_2511.11908_PI-NAIM_Path-Integrated_Neural_Adaptive_Imputation_Model.pdf",".\corpus\papers\all\arxiv_2511.11908_PI-NAIM_Path-Integrated_Neural_Adaptive_Imputation_Model.pdf","667251","ABEE9A898CD63DD4C3BA50E2F26B48B3CF82EFA0C5F1FB8D2465B353E6EBFF85"
"arxiv_2511.16333","Beyond Generative AI World Models for Clinical Prediction Counterfactuals and Planning","2025","2511.16333","long_tail","all","arxiv_2511.16333_Beyond_Generative_AI_World_Models_for_Clinical_Prediction_Counterfactuals_and_Planning.pdf",".\corpus\papers\all\arxiv_2511.16333_Beyond_Generative_AI_World_Models_for_Clinical_Prediction_Counterfactuals_and_Planning.pdf","3727934","5016DBCF8B07B9BC032E5D3E8FC97BA5CD46AB2C97CFA844C65219CDB590F94C"
"arxiv_2511.16567","POMA-3D The Point Map Way to 3D Scene Understanding","2025","2511.16567","long_tail","all","arxiv_2511.16567_POMA-3D_The_Point_Map_Way_to_3D_Scene_Understanding.pdf",".\corpus\papers\all\arxiv_2511.16567_POMA-3D_The_Point_Map_Way_to_3D_Scene_Understanding.pdf","7307314","5184AE16B80EA7293CA4CE0D39F8F19B5C408B4BADD203139B53B6DF727B4A80"
"arxiv_2511.17354","DSeq-JEPA Discriminative Sequential Joint-Embedding Predictive Architecture","2025","2511.17354","long_tail","all","arxiv_2511.17354_DSeq-JEPA_Discriminative_Sequential_Joint-Embedding_Predictive_Architecture.pdf",".\corpus\papers\all\arxiv_2511.17354_DSeq-JEPA_Discriminative_Sequential_Joint-Embedding_Predictive_Architecture.pdf","8446068","F1B10BCD523030EE0EC1DB47BC674F14E11B090134082221D62EC70B60C493D9"
"arxiv_2511.18424","CrossJEPA Cross-Modal Joint-Embedding Predictive Architecture for Efficient 3D Representation Learning from 2D Images","2025","2511.18424","long_tail","all","arxiv_2511.18424_CrossJEPA_Cross-Modal_Joint-Embedding_Predictive_Architecture_for_Efficient_3D_Representation_Learning_from_2D_Images.pdf",".\corpus\papers\all\arxiv_2511.18424_CrossJEPA_Cross-Modal_Joint-Embedding_Predictive_Architecture_for_Efficient_3D_Representation_Learning_from_2D_Images.pdf","6432783","3A78D878931FEDB42706ED249293D83D1106892CBAA275A1EA3E67F0B715D997"
"arxiv_2511.18640","Health system learning achieves generalist neuroimaging models","2025","2511.18640","long_tail","all","arxiv_2511.18640_Health_system_learning_achieves_generalist_neuroimaging_models.pdf",".\corpus\papers\all\arxiv_2511.18640_Health_system_learning_achieves_generalist_neuroimaging_models.pdf","8080451","58FFF58115DB2A34EA45BD0DC6D4FDA6EF169289BCB7306319395E53FC311346"
"arxiv_2512.00379","EnzyCLIP A Cross-Attention Dual Encoder Framework with Contrastive Learning for Predicting Enzyme Kinetic Constants","2025","2512.00379","long_tail","all","arxiv_2512.00379_EnzyCLIP_A_Cross-Attention_Dual_Encoder_Framework_with_Contrastive_Learning_for_Predicting_Enzyme_Kinetic_Constants.pdf",".\corpus\papers\all\arxiv_2512.00379_EnzyCLIP_A_Cross-Attention_Dual_Encoder_Framework_with_Contrastive_Learning_for_Predicting_Enzyme_Kinetic_Constants.pdf","4815368","43C956A2DB5D2F9A01FC041E0A5E05ACC946E1AE9E0FEC2703CD8ED4E62BE6D6"
"arxiv_2512.04832","Tokenizing Buildings A Transformer for Layout Synthesis","2025","2512.04832","long_tail","all","arxiv_2512.04832_Tokenizing_Buildings_A_Transformer_for_Layout_Synthesis.pdf",".\corpus\papers\all\arxiv_2512.04832_Tokenizing_Buildings_A_Transformer_for_Layout_Synthesis.pdf","9911189","8EF8B21AA3E8F3707CCD37E2E4CBF072367FD0486708A3100D23D5275E0D1F63"
"arxiv_2512.06232","Opinion Learning Intuitive Physics May Require More than Visual Data","2025","2512.06232","long_tail","all","arxiv_2512.06232_Opinion_Learning_Intuitive_Physics_May_Require_More_than_Visual_Data.pdf",".\corpus\papers\all\arxiv_2512.06232_Opinion_Learning_Intuitive_Physics_May_Require_More_than_Visual_Data.pdf","4317471","CE9D0E50B283A2AA48307A5FD1AFC7482DC8F658204BA4FE57234ED4811CBD02"
"arxiv_2512.07168","JEPA as a Neural Tokenizer Learning Robust Speech Representations with Density Adaptive Attention","2025","2512.07168","long_tail","all","arxiv_2512.07168_JEPA_as_a_Neural_Tokenizer_Learning_Robust_Speech_Representations_with_Density_Adaptive_Attention.pdf",".\corpus\papers\all\arxiv_2512.07168_JEPA_as_a_Neural_Tokenizer_Learning_Robust_Speech_Representations_with_Density_Adaptive_Attention.pdf","1070543","C5F2AD6CBDA9688800457D2553A8FEC76C36E29B4FA69D9EEA14AC53C954393E"
"arxiv_2512.10942","VL-JEPA Joint Embedding Predictive Architecture for Vision-language","2025","2512.10942","long_tail","all","arxiv_2512.10942_VL-JEPA_Joint_Embedding_Predictive_Architecture_for_Vision-language.pdf",".\corpus\papers\all\arxiv_2512.10942_VL-JEPA_Joint_Embedding_Predictive_Architecture_for_Vision-language.pdf","1217263","F3218282DF13E288D07056E05A50E1306E4CB2B87CD7292538C9DA9DAF3D7439"
"arxiv_2512.19171","JEPA-Reasoner Decoupling Latent Reasoning from Token Generation","2025","2512.19171","long_tail","all","arxiv_2512.19171_JEPA-Reasoner_Decoupling_Latent_Reasoning_from_Token_Generation.pdf",".\corpus\papers\all\arxiv_2512.19171_JEPA-Reasoner_Decoupling_Latent_Reasoning_from_Token_Generation.pdf","2049765","C63AD9B04C1045B528B40147DC2E6D4C23EB3884B88447C4AF2310857ACCD310"
"arxiv_2512.19605","KerJEPA Kernel Discrepancies for Euclidean Self-Supervised Learning","2025","2512.19605","long_tail","all","arxiv_2512.19605_KerJEPA_Kernel_Discrepancies_for_Euclidean_Self-Supervised_Learning.pdf",".\corpus\papers\all\arxiv_2512.19605_KerJEPA_Kernel_Discrepancies_for_Euclidean_Self-Supervised_Learning.pdf","849795","3B0BB1A97A35ED0A7BF3254278392A9F78AA8016F5D92FEBF1437BE177C356F6"
"arxiv_2601.00366","BERT-JEPA Reorganizing CLS Embeddings for Language-Invariant Semantics","2026","2601.00366","long_tail","all","arxiv_2601.00366_BERT-JEPA_Reorganizing_CLS_Embeddings_for_Language-Invariant_Semantics.pdf",".\corpus\papers\all\arxiv_2601.00366_BERT-JEPA_Reorganizing_CLS_Embeddings_for_Language-Invariant_Semantics.pdf","1565958","73D73D2D0D015BB4CBEA7B6FC544601572255603B4D9202395D67D7D6806425C"
"arxiv_2601.00844","Value-guided action planning with JEPA world models","2026","2601.00844","long_tail","all","arxiv_2601.00844_Value-guided_action_planning_with_JEPA_world_models.pdf",".\corpus\papers\all\arxiv_2601.00844_Value-guided_action_planning_with_JEPA_world_models.pdf","489889","BA1C5EB85C58AC4D1AB81B707019751689B2A7DC10F4D3F5DB9CEB8D3ADA35E3"
"arxiv_2601.01577","HanoiWorld A Joint Embedding Predictive Architecture BasedWorld Model for Autonomous Vehicle Controller","2026","2601.01577","long_tail","all","arxiv_2601.01577_HanoiWorld_A_Joint_Embedding_Predictive_Architecture_BasedWorld_Model_for_Autonomous_Vehicle_Controller.pdf",".\corpus\papers\all\arxiv_2601.01577_HanoiWorld_A_Joint_Embedding_Predictive_Architecture_BasedWorld_Model_for_Autonomous_Vehicle_Controller.pdf","1845939","5196C04B37D442333FA896D51CBDA1C322E5E781A95713142D870E5B53E2D350"
"arxiv_2601.03665","PhysVideoGenerator Towards Physically Aware Video Generation via Latent Physics Guidance","2026","2601.03665","long_tail","all","arxiv_2601.03665_PhysVideoGenerator_Towards_Physically_Aware_Video_Generation_via_Latent_Physics_Guidance.pdf",".\corpus\papers\all\arxiv_2601.03665_PhysVideoGenerator_Towards_Physically_Aware_Video_Generation_via_Latent_Physics_Guidance.pdf","424993","158D60D4F55CA53505DC7B91E950F37230D3570D75BBAFFB318B3824012EFE9F"
"arxiv_2601.06212","Akasha 2 Hamiltonian State Space Duality and Visual-Language Joint Embedding Predictive Architectur","2026","2601.06212","long_tail","all","arxiv_2601.06212_Akasha_2_Hamiltonian_State_Space_Duality_and_Visual-Language_Joint_Embedding_Predictive_Architectur.pdf",".\corpus\papers\all\arxiv_2601.06212_Akasha_2_Hamiltonian_State_Space_Duality_and_Visual-Language_Joint_Embedding_Predictive_Architectur.pdf","1311645","A1603B64EDA00F7724526A413078D7107F15213AAF1DDF7756FB0A39895F840A"
"arxiv_2601.07013","Conditional Normalizing Flows for Forward and Backward Joint State and Parameter Estimation","2026","2601.07013","long_tail","all","arxiv_2601.07013_Conditional_Normalizing_Flows_for_Forward_and_Backward_Joint_State_and_Parameter_Estimation.pdf",".\corpus\papers\all\arxiv_2601.07013_Conditional_Normalizing_Flows_for_Forward_and_Backward_Joint_State_and_Parameter_Estimation.pdf","2226851","30B4971B215BBD212E78F23C90A4A50D53AFA2CE42CFE02CD4A6048E53697ECC"
"arxiv_2601.09524","Video Joint-Embedding Predictive Architectures for Facial Expression Recognition","2026","2601.09524","long_tail","all","arxiv_2601.09524_Video_Joint-Embedding_Predictive_Architectures_for_Facial_Expression_Recognition.pdf",".\corpus\papers\all\arxiv_2601.09524_Video_Joint-Embedding_Predictive_Architectures_for_Facial_Expression_Recognition.pdf","567388","F6B7A2054FEF28F4F5B3AC5051FED503294780D60F00AA46E4B61938899EE09C"
"arxiv_2601.14354","VJEPA Variational Joint Embedding Predictive Architectures as Probabilistic World Models","2026","2601.14354","long_tail","all","arxiv_2601.14354_VJEPA_Variational_Joint_Embedding_Predictive_Architectures_as_Probabilistic_World_Models.pdf",".\corpus\papers\all\arxiv_2601.14354_VJEPA_Variational_Joint_Embedding_Predictive_Architectures_as_Probabilistic_World_Models.pdf","1731079","9B0820EC56D81633DAEEBA7C95CB22FEA77671166F0DBDF2E9AB0775E7D0FA64"
"arxiv_2601.15891","RadJEPA Radiology Encoder for Chest X-Rays via Joint Embedding Predictive Architecture","2026","2601.15891","long_tail","all","arxiv_2601.15891_RadJEPA_Radiology_Encoder_for_Chest_X-Rays_via_Joint_Embedding_Predictive_Architecture.pdf",".\corpus\papers\all\arxiv_2601.15891_RadJEPA_Radiology_Encoder_for_Chest_X-Rays_via_Joint_Embedding_Predictive_Architecture.pdf","1136875","7A5560091A0B1434760E7F6FEF4856A509E46CCC6607E0869F43BFC4A0AB66C5"
"arxiv_2601.17216","Spatiotemporal Semantic V2X Framework for Cooperative Collision Prediction","2026","2601.17216","long_tail","all","arxiv_2601.17216_Spatiotemporal_Semantic_V2X_Framework_for_Cooperative_Collision_Prediction.pdf",".\corpus\papers\all\arxiv_2601.17216_Spatiotemporal_Semantic_V2X_Framework_for_Cooperative_Collision_Prediction.pdf","12628336","6747CDDC7904D6EB2A11168D50B020F21B8C862A373B038D86C4FB3245E924A9"
"arxiv_2601.19822","A Latent Space Framework for Modeling Transient Engine Emissions Using Joint Embedding Predictive Architectures","2026","2601.19822","long_tail","all","arxiv_2601.19822_A_Latent_Space_Framework_for_Modeling_Transient_Engine_Emissions_Using_Joint_Embedding_Predictive_Architectures.pdf",".\corpus\papers\all\arxiv_2601.19822_A_Latent_Space_Framework_for_Modeling_Transient_Engine_Emissions_Using_Joint_Embedding_Predictive_Architectures.pdf","8695474","F1DD85ED37FF4E1DF08F80A296A7617F6F8E46ED09E8B07A111A14AB3A7B7713"
"arxiv_2601.20190","WirelessJEPA A Multi-Antenna Foundation Model using Spatio-temporal Wireless Latent Predictions","2026","2601.20190","long_tail","all","arxiv_2601.20190_WirelessJEPA_A_Multi-Antenna_Foundation_Model_using_Spatio-temporal_Wireless_Latent_Predictions.pdf",".\corpus\papers\all\arxiv_2601.20190_WirelessJEPA_A_Multi-Antenna_Foundation_Model_using_Spatio-temporal_Wireless_Latent_Predictions.pdf","484777","64327E1F78DF25D84BBEE326FE6A639430C2F6177A9DD5AB769E3CF51B4A3C37"
"arxiv_2601.22032","Drive-JEPA Video JEPA Meets Multimodal Trajectory Distillation for End-to-End Driving","2026","2601.22032","long_tail","all","arxiv_2601.22032_Drive-JEPA_Video_JEPA_Meets_Multimodal_Trajectory_Distillation_for_End-to-End_Driving.pdf",".\corpus\papers\all\arxiv_2601.22032_Drive-JEPA_Video_JEPA_Meets_Multimodal_Trajectory_Distillation_for_End-to-End_Driving.pdf","2105337","EC48B492E00FA03B012EFC1D6EE7670BB8FDAA953EB79F9708A0515E8D0142BD"
"arxiv_2601.22128","The Patient is not a Moving Document A World Model Training Paradigm for Longitudinal EHR","2026","2601.22128","long_tail","all","arxiv_2601.22128_The_Patient_is_not_a_Moving_Document_A_World_Model_Training_Paradigm_for_Longitudinal_EHR.pdf",".\corpus\papers\all\arxiv_2601.22128_The_Patient_is_not_a_Moving_Document_A_World_Model_Training_Paradigm_for_Longitudinal_EHR.pdf","3050086","E92A263FDFB7CF2379956C8042D8923979240B51AEEA1BCE5270D3CB64169462"
"arxiv_2602.00800","JTok On Token Embedding as another Axis of Scaling Law via Joint Token Self-modulation","2026","2602.00800","long_tail","all","arxiv_2602.00800_JTok_On_Token_Embedding_as_another_Axis_of_Scaling_Law_via_Joint_Token_Self-modulation.pdf",".\corpus\papers\all\arxiv_2602.00800_JTok_On_Token_Embedding_as_another_Axis_of_Scaling_Law_via_Joint_Token_Self-modulation.pdf","2302147","4BEB463F2D650C61684247311CF8B61124BB94704865817F50C97C3409488D9B"
"arxiv_2602.01456","Rectified LpJEPA Joint-Embedding Predictive Architectures with Sparse and Maximum-Entropy Representations","2026","2602.01456","long_tail","all","arxiv_2602.01456_Rectified_LpJEPA_Joint-Embedding_Predictive_Architectures_with_Sparse_and_Maximum-Entropy_Representations.pdf",".\corpus\papers\all\arxiv_2602.01456_Rectified_LpJEPA_Joint-Embedding_Predictive_Architectures_with_Sparse_and_Maximum-Entropy_Representations.pdf","7008004","7533200D7CE5E32D4E9A50B31E3DCF0BBEA9BEFAED5B56CBC44E15FAC27E54DA"
"arxiv_2602.01924","Bayesian Integration of Nonlinear Incomplete Clinical Data","2026","2602.01924","long_tail","all","arxiv_2602.01924_Bayesian_Integration_of_Nonlinear_Incomplete_Clinical_Data.pdf",".\corpus\papers\all\arxiv_2602.01924_Bayesian_Integration_of_Nonlinear_Incomplete_Clinical_Data.pdf","2151701","C39F8A2B906F90AB41081A1EA30027DDE67E55F4C15147DFC782CB10DC69CA3B"
"arxiv_2602.02093","Cell-JEPA Latent Representation Learning for Single-Cell Transcriptomics","2026","2602.02093","long_tail","all","arxiv_2602.02093_Cell-JEPA_Latent_Representation_Learning_for_Single-Cell_Transcriptomics.pdf",".\corpus\papers\all\arxiv_2602.02093_Cell-JEPA_Latent_Representation_Learning_for_Single-Cell_Transcriptomics.pdf","2593905","2D88FF73AB5E575E072A280FC6CF9D682EBDF444DC9CF72745F28E4CF3792FF3"
"arxiv_2602.02620","CryoLVM Self-supervised Learning from Cryo-EM Density Maps with Large Vision Models","2026","2602.02620","long_tail","all","arxiv_2602.02620_CryoLVM_Self-supervised_Learning_from_Cryo-EM_Density_Maps_with_Large_Vision_Models.pdf",".\corpus\papers\all\arxiv_2602.02620_CryoLVM_Self-supervised_Learning_from_Cryo-EM_Density_Maps_with_Large_Vision_Models.pdf","25942678","1B483D72A9FE75143C23E7A64667B46B5AEAE654121FFECC603ADC2793587200"
"arxiv_2602.03604","A Lightweight Library for Energy-Based Joint-Embedding Predictive Architectures","2026","2602.03604","long_tail","all","arxiv_2602.03604_A_Lightweight_Library_for_Energy-Based_Joint-Embedding_Predictive_Architectures.pdf",".\corpus\papers\all\arxiv_2602.03604_A_Lightweight_Library_for_Energy-Based_Joint-Embedding_Predictive_Architectures.pdf","735179","45CAB1DC74600314965A5BD18A9FC89AFB722A5A53F99E37A30C07DAF6A6EC0F"
"arxiv_2602.04643","MTS-JEPA Multi-Resolution Joint-Embedding Predictive Architecture for Time-Series Anomaly Prediction","2026","2602.04643","long_tail","all","arxiv_2602.04643_MTS-JEPA_Multi-Resolution_Joint-Embedding_Predictive_Architecture_for_Time-Series_Anomaly_Prediction.pdf",".\corpus\papers\all\arxiv_2602.04643_MTS-JEPA_Multi-Resolution_Joint-Embedding_Predictive_Architecture_for_Time-Series_Anomaly_Prediction.pdf","1562892","37519C392AD9B53BFDB37D9CECE428F19131959AA7F5A22630F4AD3D19154D8E"
"arxiv_2602.05638","UniSurg A Video-Native Foundation Model for Universal Understanding of Surgical Videos","2026","2602.05638","long_tail","all","arxiv_2602.05638_UniSurg_A_Video-Native_Foundation_Model_for_Universal_Understanding_of_Surgical_Videos.pdf",".\corpus\papers\all\arxiv_2602.05638_UniSurg_A_Video-Native_Foundation_Model_for_Universal_Understanding_of_Surgical_Videos.pdf","5002471","29F8221DDEA1CD7337D3E82FA22193D0AC55CD3A0C7DC3FE685A1779C95D7D63"
"arxiv_2602.07000","Hierarchical JEPA Meets Predictive Remote Control in Beyond 5G Networks","2026","2602.07000","long_tail","all","arxiv_2602.07000_Hierarchical_JEPA_Meets_Predictive_Remote_Control_in_Beyond_5G_Networks.pdf",".\corpus\papers\all\arxiv_2602.07000_Hierarchical_JEPA_Meets_Predictive_Remote_Control_in_Beyond_5G_Networks.pdf","369657","9BA5D74351C6417195E94B10632AC3FEF31E4D2235E04B013E8EB6D70A96B31A"
"arxiv_2602.07016","Gaussian-Constrained LeJEPA Representations for Unsupervised Scene Discovery and Pose Consistency","2026","2602.07016","long_tail","all","arxiv_2602.07016_Gaussian-Constrained_LeJEPA_Representations_for_Unsupervised_Scene_Discovery_and_Pose_Consistency.pdf",".\corpus\papers\all\arxiv_2602.07016_Gaussian-Constrained_LeJEPA_Representations_for_Unsupervised_Scene_Discovery_and_Pose_Consistency.pdf","261377","70BC3FC616055CD7C231BB544EC7B5BC282991192EEEAB74E88663193CCB6FCC"
"arxiv_2602.09040","Soft Clustering Anchors for Self-Supervised Speech Representation Learning in Joint Embedding Prediction Architectures","2026","2602.09040","long_tail","all","arxiv_2602.09040_Soft_Clustering_Anchors_for_Self-Supervised_Speech_Representation_Learning_in_Joint_Embedding_Prediction_Architectures.pdf",".\corpus\papers\all\arxiv_2602.09040_Soft_Clustering_Anchors_for_Self-Supervised_Speech_Representation_Learning_in_Joint_Embedding_Prediction_Architectures.pdf","5511143","D3692A3791C3F6DF66C08FD6D5299D4B5A537F36E13FB8EDD626FBE07EE219BF"
"arxiv_2602.11389","Causal-JEPA Learning World Models through Object-Level Latent Interventions","2026","2602.11389","long_tail","all","arxiv_2602.11389_Causal-JEPA_Learning_World_Models_through_Object-Level_Latent_Interventions.pdf",".\corpus\papers\all\arxiv_2602.11389_Causal-JEPA_Learning_World_Models_through_Object-Level_Latent_Interventions.pdf","2997532","956E136D92C4C944A53E3C2D9CD826AEBC96B06AF542CD767A0A213E47FB609B"
"arxiv_2602.12245","Intrinsic-Energy Joint Embedding Predictive Architectures Induce Quasimetric Spaces","2026","2602.12245","long_tail","all","arxiv_2602.12245_Intrinsic-Energy_Joint_Embedding_Predictive_Architectures_Induce_Quasimetric_Spaces.pdf",".\corpus\papers\all\arxiv_2602.12245_Intrinsic-Energy_Joint_Embedding_Predictive_Architectures_Induce_Quasimetric_Spaces.pdf","257331","71F9F15CD89CEAA205398713AB18BEB12DF3235E6F7D77E11717C9682DD2F62A"
"arxiv_2602.12540","Self-Supervised JEPA-based World Models for LiDAR Occupancy Completion and Forecasting","2026","2602.12540","long_tail","all","arxiv_2602.12540_Self-Supervised_JEPA-based_World_Models_for_LiDAR_Occupancy_Completion_and_Forecasting.pdf",".\corpus\papers\all\arxiv_2602.12540_Self-Supervised_JEPA-based_World_Models_for_LiDAR_Occupancy_Completion_and_Forecasting.pdf","4476485","62BBD02A25FDD523FCFD8190265F75F4634F67204E47C9837771F4A6BE84B7E8"
"arxiv_2602.14642","GenPANIS A Latent-Variable Generative Framework for Forward and Inverse PDE Problems in Multiphase Media","2026","2602.14642","long_tail","all","arxiv_2602.14642_GenPANIS_A_Latent-Variable_Generative_Framework_for_Forward_and_Inverse_PDE_Problems_in_Multiphase_Media.pdf",".\corpus\papers\all\arxiv_2602.14642_GenPANIS_A_Latent-Variable_Generative_Framework_for_Forward_and_Inverse_PDE_Problems_in_Multiphase_Media.pdf","10485960","26EB73E4B790A10FF28E5B5ECCC46387CF259212BC155ECFA706BF9125AACD75"
"arxiv_2602.14672","MeFEm Medical Face Embedding model","2026","2602.14672","long_tail","all","arxiv_2602.14672_MeFEm_Medical_Face_Embedding_model.pdf",".\corpus\papers\all\arxiv_2602.14672_MeFEm_Medical_Face_Embedding_model.pdf","2333963","0B3D5B9942ECF55C0AD731D86D19E6A5B18BD9B59948C3D760CB81BF79143BC0"
"arxiv_2602.14771","GOT-JEPA Generic Object Tracking with Model Adaptation and Occlusion Handling using Joint-Embedding Predictive Architect","2026","2602.14771","long_tail","all","arxiv_2602.14771_GOT-JEPA_Generic_Object_Tracking_with_Model_Adaptation_and_Occlusion_Handling_using_Joint-Embedding_Predictive_Architect.pdf",".\corpus\papers\all\arxiv_2602.14771_GOT-JEPA_Generic_Object_Tracking_with_Model_Adaptation_and_Occlusion_Handling_using_Joint-Embedding_Predictive_Architect.pdf","13239553","64D0F1056F332A33B35817D44D0CBDE8CD8FAC8872F1F3B28B320647B5B7C0EA"
"arxiv_2602.17162","JEPA-DNA Grounding Genomic Foundation Models through Joint-Embedding Predictive Architectures","2026","2602.17162","long_tail","all","arxiv_2602.17162_JEPA-DNA_Grounding_Genomic_Foundation_Models_through_Joint-Embedding_Predictive_Architectures.pdf",".\corpus\papers\all\arxiv_2602.17162_JEPA-DNA_Grounding_Genomic_Foundation_Models_through_Joint-Embedding_Predictive_Architectures.pdf","2174265","D5FC2791569B079AD6B238CEAE25494327E105C6D02801483175BD7577FE7D6C"
"arxiv_2602.19322","US-JEPA A Joint Embedding Predictive Architecture for Medical Ultrasound","2026","2602.19322","long_tail","all","arxiv_2602.19322_US-JEPA_A_Joint_Embedding_Predictive_Architecture_for_Medical_Ultrasound.pdf",".\corpus\papers\all\arxiv_2602.19322_US-JEPA_A_Joint_Embedding_Predictive_Architecture_for_Medical_Ultrasound.pdf","3304617","DE3C4B41FCBDAE2B9EE79A700B3800053D0E73ADF546854AD1C3ACC79759F0B7"
"arxiv_2602.20676","PRECTR-V2 Unified Relevance-CTR Framework with Cross-User Preference Mining Exposure Bias Correction and LLM-Distilled E","2026","2602.20676","long_tail","all","arxiv_2602.20676_PRECTR-V2_Unified_Relevance-CTR_Framework_with_Cross-User_Preference_Mining_Exposure_Bias_Correction_and_LLM-Distilled_E.pdf",".\corpus\papers\all\arxiv_2602.20676_PRECTR-V2_Unified_Relevance-CTR_Framework_with_Cross-User_Preference_Mining_Exposure_Bias_Correction_and_LLM-Distilled_E.pdf","995413","B35B9FE30DFBCA4AC52D76DE4B77523CC6117A7278F52F94C597869C7F187033"
"arxiv_2602.22552","Relatron Automating Relational Machine Learning over Relational Databases","2026","2602.22552","long_tail","all","arxiv_2602.22552_Relatron_Automating_Relational_Machine_Learning_over_Relational_Databases.pdf",".\corpus\papers\all\arxiv_2602.22552_Relatron_Automating_Relational_Machine_Learning_over_Relational_Databases.pdf","1340453","EB0166F2CEE32A2B5DD190CB9BF77C6DE0C8136606A2A969A54A76CA2782A5B7"
"arxiv_2603.00049","BiJEPA Bi-directional Joint Embedding Predictive Architecture for Symmetric Representation Learning","2026","2603.00049","long_tail","all","arxiv_2603.00049_BiJEPA_Bi-directional_Joint_Embedding_Predictive_Architecture_for_Symmetric_Representation_Learning.pdf",".\corpus\papers\all\arxiv_2603.00049_BiJEPA_Bi-directional_Joint_Embedding_Predictive_Architecture_for_Symmetric_Representation_Learning.pdf","1157906","FCBA6AC950C0874647CD73B453A4693E04E4A80953DA5DB03AC44B7405DD8B20"
"arxiv_2603.02650","Improving Diffusion Planners by Self-Supervised Action Gating with Energies","2026","2603.02650","long_tail","all","arxiv_2603.02650_Improving_Diffusion_Planners_by_Self-Supervised_Action_Gating_with_Energies.pdf",".\corpus\papers\all\arxiv_2603.02650_Improving_Diffusion_Planners_by_Self-Supervised_Action_Gating_with_Energies.pdf","1278985","C70545647D6B3CD516C2764864749290B90D87E94C0160A32947C666BB65FE94"
"arxiv_2603.08731","Hebbian-Oscillatory Co-Learning","2026","2603.08731","long_tail","all","arxiv_2603.08731_Hebbian-Oscillatory_Co-Learning.pdf",".\corpus\papers\all\arxiv_2603.08731_Hebbian-Oscillatory_Co-Learning.pdf","1303112","9D2DA43DE1C810498DE94FE058D87D3575739E5423482C50931B98AC7A39B4B6"
"arxiv_2603.10712","FutureVLA Joint Visuomotor Prediction for Vision-Language-Action Model","2026","2603.10712","long_tail","all","arxiv_2603.10712_FutureVLA_Joint_Visuomotor_Prediction_for_Vision-Language-Action_Model.pdf",".\corpus\papers\all\arxiv_2603.10712_FutureVLA_Joint_Visuomotor_Prediction_for_Vision-Language-Action_Model.pdf","15622212","46B3CF66EA3F63BE29E7AFB02E0175682F9CCC07C5622F6E19DA8F5C50DA1017"
"arxiv_2603.13227","Representation Learning for Spatiotemporal Physical Systems","2026","2603.13227","long_tail","all","arxiv_2603.13227_Representation_Learning_for_Spatiotemporal_Physical_Systems.pdf",".\corpus\papers\all\arxiv_2603.13227_Representation_Learning_for_Spatiotemporal_Physical_Systems.pdf","4420121","72431D26489450DB993513A92320D0F73180B66C9E155EA7EFC8E140BB834BA3"
"arxiv_2603.13265","Knowledge Rules and Their Embeddings Two Paths towards Neuro-Symbolic JEPA","2026","2603.13265","long_tail","all","arxiv_2603.13265_Knowledge_Rules_and_Their_Embeddings_Two_Paths_towards_Neuro-Symbolic_JEPA.pdf",".\corpus\papers\all\arxiv_2603.13265_Knowledge_Rules_and_Their_Embeddings_Two_Paths_towards_Neuro-Symbolic_JEPA.pdf","1242503","BB830066A3AE4CE3D35D476B9756736826D1B3531268684B8C8D1354A02BC241"
"arxiv_2603.14886","PASTE Physics-Aware Scattering Topology Embedding Framework for SAR Object Detection","2026","2603.14886","long_tail","all","arxiv_2603.14886_PASTE_Physics-Aware_Scattering_Topology_Embedding_Framework_for_SAR_Object_Detection.pdf",".\corpus\papers\all\arxiv_2603.14886_PASTE_Physics-Aware_Scattering_Topology_Embedding_Framework_for_SAR_Object_Detection.pdf","36673781","E028819504FFD75E65BD75E065E54C353B19A9ABCEF5CFABE60D076BFE7D0AAC"
"arxiv_2603.16281","Laya A LeJEPA Approach to EEG via Latent Prediction over Reconstruction","2026","2603.16281","long_tail","all","arxiv_2603.16281_Laya_A_LeJEPA_Approach_to_EEG_via_Latent_Prediction_over_Reconstruction.pdf",".\corpus\papers\all\arxiv_2603.16281_Laya_A_LeJEPA_Approach_to_EEG_via_Latent_Prediction_over_Reconstruction.pdf","33820019","0BD26D2A71D78226207D032A13950C3844A1881F57AD29A0EE1E54E613F5A73B"
"arxiv_2603.19100","LuMamba Latent Unified Mamba for Electrode Topology-Invariant and Efficient EEG Modeling","2026","2603.19100","long_tail","all","arxiv_2603.19100_LuMamba_Latent_Unified_Mamba_for_Electrode_Topology-Invariant_and_Efficient_EEG_Modeling.pdf",".\corpus\papers\all\arxiv_2603.19100_LuMamba_Latent_Unified_Mamba_for_Electrode_Topology-Invariant_and_Efficient_EEG_Modeling.pdf","1618525","4500F75954A5844DBAB734E700FC41F8FA62E12472A0187411D27BD51DE44826"
"arxiv_2603.19312","LeWorldModel Stable End-to-End Joint-Embedding Predictive Architecture from Pixels","2026","2603.19312","long_tail","all","arxiv_2603.19312_LeWorldModel_Stable_End-to-End_Joint-Embedding_Predictive_Architecture_from_Pixels.pdf",".\corpus\papers\all\arxiv_2603.19312_LeWorldModel_Stable_End-to-End_Joint-Embedding_Predictive_Architecture_from_Pixels.pdf","5629902","58DD56C906A98B9871DBBF6C7F7AA6954DA1EE923FE5F17F584C6E22D953433A"
"arxiv_2603.20048","Structured Latent Dynamics in Wireless CSI via Homomorphic World Models","2026","2603.20048","long_tail","all","arxiv_2603.20048_Structured_Latent_Dynamics_in_Wireless_CSI_via_Homomorphic_World_Models.pdf",".\corpus\papers\all\arxiv_2603.20048_Structured_Latent_Dynamics_in_Wireless_CSI_via_Homomorphic_World_Models.pdf","9791088","5748E9ED56EA290C127D4936E5B7A00595FE4AB3780D43D33C0C91AA571668DA"
"arxiv_2603.20111","Var-JEPA A Variational Formulation of the Joint-Embedding Predictive Architecture -- Bridging Predictive and Generative","2026","2603.20111","long_tail","all","arxiv_2603.20111_Var-JEPA_A_Variational_Formulation_of_the_Joint-Embedding_Predictive_Architecture_--_Bridging_Predictive_and_Generative.pdf",".\corpus\papers\all\arxiv_2603.20111_Var-JEPA_A_Variational_Formulation_of_the_Joint-Embedding_Predictive_Architecture_--_Bridging_Predictive_and_Generative.pdf","978169","B2192CA5CD0E1C32ED5C3EE5DD05409ED4E3B228F730E85467F11690A79C2824"
"arxiv_2603.20327","Probing the Latent World Emergent Discrete Symbols and Physical Structure in Latent Representations","2026","2603.20327","long_tail","all","arxiv_2603.20327_Probing_the_Latent_World_Emergent_Discrete_Symbols_and_Physical_Structure_in_Latent_Representations.pdf",".\corpus\papers\all\arxiv_2603.20327_Probing_the_Latent_World_Emergent_Discrete_Symbols_and_Physical_Structure_in_Latent_Representations.pdf","890086","198ABBF818101AF1B4E114269B3E890CB217A61CAF2BBCB7AA7E8582AD33717F"
"arxiv_2603.20987","Interpreting the Synchronization Gap The Hidden Mechanism Inside Diffusion Transformers","2026","2603.20987","long_tail","all","arxiv_2603.20987_Interpreting_the_Synchronization_Gap_The_Hidden_Mechanism_Inside_Diffusion_Transformers.pdf",".\corpus\papers\all\arxiv_2603.20987_Interpreting_the_Synchronization_Gap_The_Hidden_Mechanism_Inside_Diffusion_Transformers.pdf","1234159","5832A60654321A085C4762CEFCFBC9DE723AB1E28AF5E1D308F9ED0CCA6D1143"
"arxiv_2603.22649","Pretext Matters An Empirical Study of SSL Methods in Medical Imaging","2026","2603.22649","long_tail","all","arxiv_2603.22649_Pretext_Matters_An_Empirical_Study_of_SSL_Methods_in_Medical_Imaging.pdf",".\corpus\papers\all\arxiv_2603.22649_Pretext_Matters_An_Empirical_Study_of_SSL_Methods_in_Medical_Imaging.pdf","14765776","CB515984DFB24FBF8B7CEBBF572C2EE04F09CD89754E1FA2F2A7D5E6704191DA"
"arxiv_2603.25216","A Wireless World Model for AI-Native 6G Networks","2026","2603.25216","long_tail","all","arxiv_2603.25216_A_Wireless_World_Model_for_AI-Native_6G_Networks.pdf",".\corpus\papers\all\arxiv_2603.25216_A_Wireless_World_Model_for_AI-Native_6G_Networks.pdf","12204404","711304AED7766057263502D36AF63927E97DFF10D683DC1659E89E5A46B2B102"
"arxiv_2603.26799","Gaussian Joint Embeddings For Self-Supervised Representation Learning","2026","2603.26799","long_tail","all","arxiv_2603.26799_Gaussian_Joint_Embeddings_For_Self-Supervised_Representation_Learning.pdf",".\corpus\papers\all\arxiv_2603.26799_Gaussian_Joint_Embeddings_For_Self-Supervised_Representation_Learning.pdf","2688573","1438ED7FBD70226A0AE846D4DFB55649672A167E04159E71B6EBB05FA8B8EC03"
"arxiv_2603.29796","JEPA-MSAC A Joint-Embedding Predictive Architecture for Multimodal Sensing-Assisted Communications","2026","2603.29796","long_tail","all","arxiv_2603.29796_JEPA-MSAC_A_Joint-Embedding_Predictive_Architecture_for_Multimodal_Sensing-Assisted_Communications.pdf",".\corpus\papers\all\arxiv_2603.29796_JEPA-MSAC_A_Joint-Embedding_Predictive_Architecture_for_Multimodal_Sensing-Assisted_Communications.pdf","2897765","003E5479EE166F1A010C294D48E56453ABEA5799012FA1AAC3917D378F3304B3"
"arxiv_2604.01349","PI-JEPA Label-Free Surrogate Pretraining for Coupled Multiphysics Simulation via Operator-Split Latent Prediction","2026","2604.01349","long_tail","all","arxiv_2604.01349_PI-JEPA_Label-Free_Surrogate_Pretraining_for_Coupled_Multiphysics_Simulation_via_Operator-Split_Latent_Prediction.pdf",".\corpus\papers\all\arxiv_2604.01349_PI-JEPA_Label-Free_Surrogate_Pretraining_for_Coupled_Multiphysics_Simulation_via_Operator-Split_Latent_Prediction.pdf","544971","6CDAD0FB0E21937928BFB13BFE9D53051DAD6F3C65176B76D4CD7089E706B881"
"arxiv_2604.08503","Phantom Physics-Infused Video Generation via Joint Modeling of Visual and Latent Physical Dynamics","2026","2604.08503","long_tail","all","arxiv_2604.08503_Phantom_Physics-Infused_Video_Generation_via_Joint_Modeling_of_Visual_and_Latent_Physical_Dynamics.pdf",".\corpus\papers\all\arxiv_2604.08503_Phantom_Physics-Infused_Video_Generation_via_Joint_Modeling_of_Visual_and_Latent_Physical_Dynamics.pdf","6143141","A5ED6BFE2FEA70F440AED7BF3398845E2E53E591384BAB3CF7C64417C709BD34"
"arxiv_2604.13518","From Alignment to Prediction A Study of Self-Supervised Learning and Predictive Representation Learning","2026","2604.13518","long_tail","all","arxiv_2604.13518_From_Alignment_to_Prediction_A_Study_of_Self-Supervised_Learning_and_Predictive_Representation_Learning.pdf",".\corpus\papers\all\arxiv_2604.13518_From_Alignment_to_Prediction_A_Study_of_Self-Supervised_Learning_and_Predictive_Representation_Learning.pdf","589269","AC0F8C104B8C9E7F03AC7D32197E89DD54CF28605217A323694197F3786D25F6"
"arxiv_2604.16333","A Discordance-Aware Multimodal Framework with Multi-Agent Clinical Reasoning","2026","2604.16333","long_tail","all","arxiv_2604.16333_A_Discordance-Aware_Multimodal_Framework_with_Multi-Agent_Clinical_Reasoning.pdf",".\corpus\papers\all\arxiv_2604.16333_A_Discordance-Aware_Multimodal_Framework_with_Multi-Agent_Clinical_Reasoning.pdf","1235529","7381345EDB8A41B414CE67561DD18098949DEA107A595CAE74F58D69927D0CB9"
"arxiv_2604.16585","The Global Neural World Model Spatially Grounded Discrete Topologies for Action-Conditioned Planning","2026","2604.16585","long_tail","all","arxiv_2604.16585_The_Global_Neural_World_Model_Spatially_Grounded_Discrete_Topologies_for_Action-Conditioned_Planning.pdf",".\corpus\papers\all\arxiv_2604.16585_The_Global_Neural_World_Model_Spatially_Grounded_Discrete_Topologies_for_Action-Conditioned_Planning.pdf","2490900","44FBE56999631CB535F2089E2177CBAB4D224D019D4F542ED88E1E8F6C39AF4F"
"arxiv_2604.21046","JEPAMatch Geometric Representation Shaping for Semi-Supervised Learning","2026","2604.21046","long_tail","all","arxiv_2604.21046_JEPAMatch_Geometric_Representation_Shaping_for_Semi-Supervised_Learning.pdf",".\corpus\papers\all\arxiv_2604.21046_JEPAMatch_Geometric_Representation_Shaping_for_Semi-Supervised_Learning.pdf","1961092","06CEB0ECA2DA7B6BD41494FE28E9160F2F69CE68D12AC74F089B07B9502F51C6"
"arxiv_2604.23336","Efficient Rationale-based Retrieval On-policy Distillation from Generative Rerankers based on JEPA","2026","2604.23336","long_tail","all","arxiv_2604.23336_Efficient_Rationale-based_Retrieval_On-policy_Distillation_from_Generative_Rerankers_based_on_JEPA.pdf",".\corpus\papers\all\arxiv_2604.23336_Efficient_Rationale-based_Retrieval_On-policy_Distillation_from_Generative_Rerankers_based_on_JEPA.pdf","901704","99DBC7873439E479398BD8409013806898BE00D3FEE3E01C7D352A71547FFDBA"
"arxiv_2604.27361","CasLayout Cascaded 3D Layout Diffusion for Indoor Scene Synthesis with Implicit Relation Modeling","2026","2604.27361","long_tail","all","arxiv_2604.27361_CasLayout_Cascaded_3D_Layout_Diffusion_for_Indoor_Scene_Synthesis_with_Implicit_Relation_Modeling.pdf",".\corpus\papers\all\arxiv_2604.27361_CasLayout_Cascaded_3D_Layout_Diffusion_for_Indoor_Scene_Synthesis_with_Implicit_Relation_Modeling.pdf","31448940","B571D186AFC8E0882B06E17DA7A49DCCA85C846418050F8D867E512A43907859"
"arxiv_2604.27743","Why Self-Supervised Encoders Want to Be Normal","2026","2604.27743","long_tail","all","arxiv_2604.27743_Why_Self-Supervised_Encoders_Want_to_Be_Normal.pdf",".\corpus\papers\all\arxiv_2604.27743_Why_Self-Supervised_Encoders_Want_to_Be_Normal.pdf","1440083","AB5B7343F51D0D5F28AB27241F7127D4E4C7AB9AF68651E4BF2DEA8E2F555F6E"
"arxiv_2605.03245","Text-Conditional JEPA for Learning Semantically Rich Visual Representations","2026","2605.03245","long_tail","all","arxiv_2605.03245_Text-Conditional_JEPA_for_Learning_Semantically_Rich_Visual_Representations.pdf",".\corpus\papers\all\arxiv_2605.03245_Text-Conditional_JEPA_for_Learning_Semantically_Rich_Visual_Representations.pdf","4067485","07EA58526948C5FAEC12402A2E0419FAD610385E887FAE90032114639E0BD5C6"
"arxiv_2605.04943","DART A Vision-Language Foundation Model for Comprehensive Rope Condition Monitoring","2026","2605.04943","long_tail","all","arxiv_2605.04943_DART_A_Vision-Language_Foundation_Model_for_Comprehensive_Rope_Condition_Monitoring.pdf",".\corpus\papers\all\arxiv_2605.04943_DART_A_Vision-Language_Foundation_Model_for_Comprehensive_Rope_Condition_Monitoring.pdf","5786343","3112F4917085CC575778ECB447A3AAC33EFD42098CECB8B58A80E9E8746ED347"
"arxiv_2605.05586","AeroJEPA Learning Semantic Latent Representations for Scalable 3D Aerodynamic Field Modeling","2026","2605.05586","long_tail","all","arxiv_2605.05586_AeroJEPA_Learning_Semantic_Latent_Representations_for_Scalable_3D_Aerodynamic_Field_Modeling.pdf",".\corpus\papers\all\arxiv_2605.05586_AeroJEPA_Learning_Semantic_Latent_Representations_for_Scalable_3D_Aerodynamic_Field_Modeling.pdf","8591243","6C21B594A293BBAD8C99FE9929C1A3318C558D7AA6AD72CA35D0A95DAD973898"
"arxiv_2605.09241","Sub-JEPA Subspace Gaussian Regularization for Stable End-to-End World Models","2026","2605.09241","long_tail","all","arxiv_2605.09241_Sub-JEPA_Subspace_Gaussian_Regularization_for_Stable_End-to-End_World_Models.pdf",".\corpus\papers\all\arxiv_2605.09241_Sub-JEPA_Subspace_Gaussian_Regularization_for_Stable_End-to-End_World_Models.pdf","1288461","F88624AA985B9303DDCE94A03F8D8BBA22F535508E695A3B1B6256C4E7FCC8F6"
"arxiv_2605.10616","MulTaBench Benchmarking Multimodal Tabular Learning with Text and Image","2026","2605.10616","long_tail","all","arxiv_2605.10616_MulTaBench_Benchmarking_Multimodal_Tabular_Learning_with_Text_and_Image.pdf",".\corpus\papers\all\arxiv_2605.10616_MulTaBench_Benchmarking_Multimodal_Tabular_Learning_with_Text_and_Image.pdf","4217528","8E7F5F7D3EAB9A18D97C1DBC6D8C4C1E3022FF6FE2AE2948CA9B9504B4295373"
"arxiv_2605.10840","Clin-JEPA A Multi-Phase Co-Training Framework for Joint-Embedding Predictive Pretraining on EHR Patient Trajectories","2026","2605.10840","long_tail","all","arxiv_2605.10840_Clin-JEPA_A_Multi-Phase_Co-Training_Framework_for_Joint-Embedding_Predictive_Pretraining_on_EHR_Patient_Trajectories.pdf",".\corpus\papers\all\arxiv_2605.10840_Clin-JEPA_A_Multi-Phase_Co-Training_Framework_for_Joint-Embedding_Predictive_Pretraining_on_EHR_Patient_Trajectories.pdf","1655378","89095B5530ED6BAE4277B16ED68E317A89EE47AA01F9734EF52B988CA5C37240"
"arxiv_2605.11130","HEPA A Self-Supervised Horizon-Conditioned Event Predictive Architecture for Time Series","2026","2605.11130","long_tail","all","arxiv_2605.11130_HEPA_A_Self-Supervised_Horizon-Conditioned_Event_Predictive_Architecture_for_Time_Series.pdf",".\corpus\papers\all\arxiv_2605.11130_HEPA_A_Self-Supervised_Horizon-Conditioned_Event_Predictive_Architecture_for_Time_Series.pdf","1115680","311593FA7B1FDB230EC1ACCE137B4DDECB630E9D81AC4BEA41B7910336A4971C"
"arxiv_2605.12852","Multitask Multimodal Fusion with Tabular Foundation Models for Peak and Durability Prediction of Pertussis Booster Respo","2026","2605.12852","long_tail","all","arxiv_2605.12852_Multitask_Multimodal_Fusion_with_Tabular_Foundation_Models_for_Peak_and_Durability_Prediction_of_Pertussis_Booster_Respo.pdf",".\corpus\papers\all\arxiv_2605.12852_Multitask_Multimodal_Fusion_with_Tabular_Foundation_Models_for_Peak_and_Durability_Prediction_of_Pertussis_Booster_Respo.pdf","673955","0B85216AB1278EFDB904128BB9174E9A75F2EDF7E0C0BB6A1FA511C359944BC6"
"arxiv_2605.14120","Mini-JEPA Foundation Model Fleet Enables Agentic Hydrologic Intelligence","2026","2605.14120","long_tail","all","arxiv_2605.14120_Mini-JEPA_Foundation_Model_Fleet_Enables_Agentic_Hydrologic_Intelligence.pdf",".\corpus\papers\all\arxiv_2605.14120_Mini-JEPA_Foundation_Model_Fleet_Enables_Agentic_Hydrologic_Intelligence.pdf","2852013","DB08F0874D727AD4EA8D26E0F0B0EA7BD7ADD7B20CFDA5F41E47CD00228A6C19"
"arxiv_2605.14406","GeoViSTA Geospatial Vision-Tabular Transformer for Multimodal Environment Representation","2026","2605.14406","long_tail","all","arxiv_2605.14406_GeoViSTA_Geospatial_Vision-Tabular_Transformer_for_Multimodal_Environment_Representation.pdf",".\corpus\papers\all\arxiv_2605.14406_GeoViSTA_Geospatial_Vision-Tabular_Transformer_for_Multimodal_Environment_Representation.pdf","23059215","3391E7A628F172D94C2311FE2789B651BEEB89F1DE14362A295F28F57E5A86A6"
"arxiv_2605.14759","Crys-JEPA Accelerating Crystal Discovery via Embedding Screening and Generative Refinement","2026","2605.14759","long_tail","all","arxiv_2605.14759_Crys-JEPA_Accelerating_Crystal_Discovery_via_Embedding_Screening_and_Generative_Refinement.pdf",".\corpus\papers\all\arxiv_2605.14759_Crys-JEPA_Accelerating_Crystal_Discovery_via_Embedding_Screening_and_Generative_Refinement.pdf","12559228","3BA8AFAAECCC74872AA72E41CD18A723E2B3DE8A7244F22A5B7DF1EBE74A654C"
"arxiv_2605.15394","Representation Without Reward A JEPA Audit for LLM Fine-Tuning","2026","2605.15394","long_tail","all","arxiv_2605.15394_Representation_Without_Reward_A_JEPA_Audit_for_LLM_Fine-Tuning.pdf",".\corpus\papers\all\arxiv_2605.15394_Representation_Without_Reward_A_JEPA_Audit_for_LLM_Fine-Tuning.pdf","690539","D2A0FBE6D30E5F63145361ACACC3317597049512192A8833673749FBF51CD75E"
"arxiv_2605.15466","Entity-Centric World Models Interaction-Aware Masking for Causal Video Prediction","2026","2605.15466","long_tail","all","arxiv_2605.15466_Entity-Centric_World_Models_Interaction-Aware_Masking_for_Causal_Video_Prediction.pdf",".\corpus\papers\all\arxiv_2605.15466_Entity-Centric_World_Models_Interaction-Aware_Masking_for_Causal_Video_Prediction.pdf","1639778","B76FB34D1D27EDA580A36AE8F9A2FB25B8595B5AFE76175F638026512C2615C1"
"arxiv_2605.17165","Factorized Latent Dynamics for Video JEPA An Empirical Study of Auxiliary Objectives","2026","2605.17165","long_tail","all","arxiv_2605.17165_Factorized_Latent_Dynamics_for_Video_JEPA_An_Empirical_Study_of_Auxiliary_Objectives.pdf",".\corpus\papers\all\arxiv_2605.17165_Factorized_Latent_Dynamics_for_Video_JEPA_An_Empirical_Study_of_Auxiliary_Objectives.pdf","483063","6DAFAF1692A694AF7A465A462B3169BEAD6D9DBF508DD1F031C2820044319C6D"
"arxiv_2605.17671","PEIRA Learning Predictive Encoders through Inter-View Regressor Alignment","2026","2605.17671","long_tail","all","arxiv_2605.17671_PEIRA_Learning_Predictive_Encoders_through_Inter-View_Regressor_Alignment.pdf",".\corpus\papers\all\arxiv_2605.17671_PEIRA_Learning_Predictive_Encoders_through_Inter-View_Regressor_Alignment.pdf","1801609","348F5EE01569442BC5D68C8EB600C0FDEA0F86E5771058425A67E226E01EED16"
"arxiv_2605.18419","Geometry-Aware Uncertainty Coresets for Robust Visual In-Context Learning in Histopathology","2026","2605.18419","long_tail","all","arxiv_2605.18419_Geometry-Aware_Uncertainty_Coresets_for_Robust_Visual_In-Context_Learning_in_Histopathology.pdf",".\corpus\papers\all\arxiv_2605.18419_Geometry-Aware_Uncertainty_Coresets_for_Robust_Visual_In-Context_Learning_in_Histopathology.pdf","2901376","925973DB347C69FFF02FA93F3E11BAC471D2EB7F3D8AB28ED316CF6D85A48998"
"arxiv_2605.20811","Demo-JEPA Joint-Embedding Predictive Architecture for One-shot Cross-Embodiment Imitation","2026","2605.20811","long_tail","all","arxiv_2605.20811_Demo-JEPA_Joint-Embedding_Predictive_Architecture_for_One-shot_Cross-Embodiment_Imitation.pdf",".\corpus\papers\all\arxiv_2605.20811_Demo-JEPA_Joint-Embedding_Predictive_Architecture_for_One-shot_Cross-Embodiment_Imitation.pdf","12340129","A4B084D8B213A8CD6D6BC1D0E27F3073E97BD88DD2041D53836F9CF97365E287"
"arxiv_2605.21075","SpectralEarth-FM Bringing Hyperspectral Imagery into Multimodal Earth Observation Pretraining","2026","2605.21075","long_tail","all","arxiv_2605.21075_SpectralEarth-FM_Bringing_Hyperspectral_Imagery_into_Multimodal_Earth_Observation_Pretraining.pdf",".\corpus\papers\all\arxiv_2605.21075_SpectralEarth-FM_Bringing_Hyperspectral_Imagery_into_Multimodal_Earth_Observation_Pretraining.pdf","10580195","3D94C25C1E2646C241BFBC7E8CD61BA59E013D2FA1758071E1B9CF075C1680D8"
"arxiv_2605.21963","ChronoMedicalWorld A Medical World Model for Learning Patient Trajectories from Longitudinal Care Data","2026","2605.21963","long_tail","all","arxiv_2605.21963_ChronoMedicalWorld_A_Medical_World_Model_for_Learning_Patient_Trajectories_from_Longitudinal_Care_Data.pdf",".\corpus\papers\all\arxiv_2605.21963_ChronoMedicalWorld_A_Medical_World_Model_for_Learning_Patient_Trajectories_from_Longitudinal_Care_Data.pdf","542596","3CF11F294794B96D21894D4C3C912F3943C77B29ACF314E870246CA09B2EB1A6"
"arxiv_2605.24631","Beyond Generative Priors Minority Sampling with JEPA-Guided Diffusion","2026","2605.24631","long_tail","all","arxiv_2605.24631_Beyond_Generative_Priors_Minority_Sampling_with_JEPA-Guided_Diffusion.pdf",".\corpus\papers\all\arxiv_2605.24631_Beyond_Generative_Priors_Minority_Sampling_with_JEPA-Guided_Diffusion.pdf","16895878","2F3E96F5B40A80AB9A0CBC3A458D23DA8F7FA3D8E6412D3629678C7AE41CE0ED"
"arxiv_2605.25313","UWM-JEPA Predictive World Models That Imagine in Belief Space","2026","2605.25313","long_tail","all","arxiv_2605.25313_UWM-JEPA_Predictive_World_Models_That_Imagine_in_Belief_Space.pdf",".\corpus\papers\all\arxiv_2605.25313_UWM-JEPA_Predictive_World_Models_That_Imagine_in_Belief_Space.pdf","3489026","D78CA710E1336283519BCED16D475C9C791AF0C4E91699F8C79BC2B7D26C5E0D"
"arxiv_2605.31068","HQ-JEPA Hybrid Quantum Joint-Embedding Predictive Architecture for Cross-Modal Remote Sensing Representation Learning","2026","2605.31068","long_tail","all","arxiv_2605.31068_HQ-JEPA_Hybrid_Quantum_Joint-Embedding_Predictive_Architecture_for_Cross-Modal_Remote_Sensing_Representation_Learning.pdf",".\corpus\papers\all\arxiv_2605.31068_HQ-JEPA_Hybrid_Quantum_Joint-Embedding_Predictive_Architecture_for_Cross-Modal_Remote_Sensing_Representation_Learning.pdf","1455651","62109AC16BBF178E78F62B5E0E6A669AF37C8AD1F8E48FC57A986FE121B645FE"
"arxiv_2605.31111","Subspace-Decomposed JEPAs Disentangling Progression and Content in Latent World Models","2026","2605.31111","long_tail","all","arxiv_2605.31111_Subspace-Decomposed_JEPAs_Disentangling_Progression_and_Content_in_Latent_World_Models.pdf",".\corpus\papers\all\arxiv_2605.31111_Subspace-Decomposed_JEPAs_Disentangling_Progression_and_Content_in_Latent_World_Models.pdf","2728942","C9510496E19E31585D2160514DCDFC333E01FB00BE3AB8D917A73A4B37E0C2EF"
"arxiv_2605.31580","Giving Sensors a Voice Multimodal JEPA for Semantic Time-Series Embeddings","2026","2605.31580","long_tail","all","arxiv_2605.31580_Giving_Sensors_a_Voice_Multimodal_JEPA_for_Semantic_Time-Series_Embeddings.pdf",".\corpus\papers\all\arxiv_2605.31580_Giving_Sensors_a_Voice_Multimodal_JEPA_for_Semantic_Time-Series_Embeddings.pdf","5771716","41C3209EC85FD19CCB6EF42C63914FDB482963C9D20C460FC8ABC62352356A17"
"unk_tutorial_on_joint_embedding_predictive_architectures_jepa_foundations_applications_and_future_directions","tutorial on joint embedding predictive architectures jepa foundations applications and future directions","","","core","all","unk_tutorial_on_joint_embedding_predictive_architectures_jepa_foundations_applications_and_future_directions.pdf",".\corpus\papers\all\unk_tutorial_on_joint_embedding_predictive_architectures_jepa_foundations_applications_and_future_directions.pdf","6411916","75E36E3571D6D640AFDFA8929FADF4B186D0EEF150DDEBD287A7720E2F5EF300"
"2020_neurips_2020_bootstrap_your_own_latent_a_new_approach_to_self_supervised_learning_paper_pdf","neurips 2020 bootstrap your own latent a new approach to self supervised learning paper pdf","2020","","core","all","2020_neurips_2020_bootstrap_your_own_latent_a_new_approach_to_self_supervised_learning_paper_pdf.pdf",".\corpus\papers\all\2020_neurips_2020_bootstrap_your_own_latent_a_new_approach_to_self_supervised_learning_paper_pdf.pdf","812358","D6A3C810134FFDDDABE827689499CF5B4802227A381FE09795F637263AF2F97D"
"2022_a_path_towards_autonomous_machine_intelligence","a path towards autonomous machine intelligence","2022","","core","all","2022_a_path_towards_autonomous_machine_intelligence.pdf",".\corpus\papers\all\2022_a_path_towards_autonomous_machine_intelligence.pdf","1641225","5DDA279009BEAE358F08B18B2A4374BFBE65F8C9ED773EA0B9B49F9068566022"
"2023_assran_self_supervised_learning_from_images_with_a_joint_embedding_predictive_architecture_cvpr_2023_paper","assran self supervised learning from images with a joint embedding predictive architecture cvpr 2023 paper","2023","","core","all","2023_assran_self_supervised_learning_from_images_with_a_joint_embedding_predictive_architecture_cvpr_2023_paper.pdf",".\corpus\papers\all\2023_assran_self_supervised_learning_from_images_with_a_joint_embedding_predictive_architecture_cvpr_2023_paper.pdf","3139823","2E2A21DFB20B087EB2A1D95CE8A7DAB687C344F68CDE91CFA02E03337E93B1A2"
"2023_mc_jepa_a_joint_embedding_predictive_architecture_for_self_supervised_learning_of_motion_and_content_features","mc jepa a joint embedding predictive architecture for self supervised learning of motion and content features","2023","","core","all","2023_mc_jepa_a_joint_embedding_predictive_architecture_for_self_supervised_learning_of_motion_and_content_features.pdf",".\corpus\papers\all\2023_mc_jepa_a_joint_embedding_predictive_architecture_for_self_supervised_learning_of_motion_and_content_features.pdf","9483375","A14993BB03F7AFF73BA3BB26FD3090A0AEF3154EB63B78903452919F916DD10A"
"2025_audio_jepa_joint_embedding_predictive_architecture_for_audio_representation_learning","audio jepa joint embedding predictive architecture for audio representation learning","2025","","core","all","2025_audio_jepa_joint_embedding_predictive_architecture_for_audio_representation_learning.pdf",".\corpus\papers\all\2025_audio_jepa_joint_embedding_predictive_architecture_for_audio_representation_learning.pdf","687533","5FCB7190E7804D53B0ADEA456702B3187B4571267D7B34E4610E34132174561D"
"2025_v_jepa_2_self_supervised_video_models_enable_understanding_prediction_and_planning","v jepa 2 self supervised video models enable understanding prediction and planning","2025","","core","all","2025_v_jepa_2_self_supervised_video_models_enable_understanding_prediction_and_planning.pdf",".\corpus\papers\all\2025_v_jepa_2_self_supervised_video_models_enable_understanding_prediction_and_planning.pdf","20240380","9CFCFDE5FB0D9730637DA5B9E7317825C3F3D09E91F3553E22EEBA42C74D2226"
"2026_parallel_stochastic_gradient_based_planning_for_world_models","parallel stochastic gradient based planning for world models","2026","","core","all","2026_parallel_stochastic_gradient_based_planning_for_world_models.pdf",".\corpus\papers\all\2026_parallel_stochastic_gradient_based_planning_for_world_models.pdf","2997113","633BFF79E5913401F578D4F13CBEE65526221FEF859D865CDAAB6CFC0FA802A8"
"2026_rectified_lpjepa_joint_embedding_predictive_architectures_with_sparse_and_maximum_entropy_representations","rectified lpjepa joint embedding predictive architectures with sparse and maximum entropy representations","2026","","core","all","2026_rectified_lpjepa_joint_embedding_predictive_architectures_with_sparse_and_maximum_entropy_representations.pdf",".\corpus\papers\all\2026_rectified_lpjepa_joint_embedding_predictive_architectures_with_sparse_and_maximum_entropy_representations.pdf","6988001","34FFE5C105F979C35A2296DB161E16334E920689CB83257C3990592D56373C55"
"2026_thinkjepa_empowering_latent_world_models_with_large_vision_language_reasoning_model","thinkjepa empowering latent world models with large vision language reasoning model","2026","","core","all","2026_thinkjepa_empowering_latent_world_models_with_large_vision_language_reasoning_model.pdf",".\corpus\papers\all\2026_thinkjepa_empowering_latent_world_models_with_large_vision_language_reasoning_model.pdf","590923","AE5F3A389DB026C54A3794EC4E1EB5363105D12704C6209D605530CF6E569C47"
"2026_v_jepa2_1_unlocking_dense_features_in_video","v jepa2 1 unlocking dense features in video","2026","","core","all","2026_v_jepa2_1_unlocking_dense_features_in_video.pdf",".\corpus\papers\all\2026_v_jepa2_1_unlocking_dense_features_in_video.pdf","36907858","F3AAC1E781A105850313A386DD1755EBD58D500C6BA35A21E5A649619C4E59E8"
